,Patient,Status,Age,Celltype
AAACATAAA-1,P1,HC1,63.0,mic
AAACATAAC-1,P1,HC1,70.0,mic
AAACATAAT-1,P1,HC1,65.0,mic
AAACATAAG-1,P1,HC1,69.0,mic
AAACATACA-1,P1,HC1,66.0,mic
AAACATACC-1,P1,HC1,68.0,mic
AAACATACT-1,P1,HC1,69.0,mic
AAACATACG-1,P1,HC1,66.0,mic
AAACATATA-1,P1,HC1,57.0,mic
AAACATATC-1,P1,HC1,66.0,mic
AAACATATT-1,P2,HC1,59.0,mic
AAACATATG-1,P2,HC1,62.0,mic
AAACATAGA-1,P2,HC1,73.0,mic
AAACATAGC-1,P2,HC1,70.0,mic
AAACATAGT-1,P2,HC1,58.0,mic
AAACATAGG-1,P2,HC1,62.0,mic
AAACATCAA-1,P2,HC1,64.0,mic
AAACATCAC-1,P2,HC1,70.0,mic
AAACATCAT-1,P2,HC1,55.0,mic
AAACATCAG-1,P2,HC1,58.0,mic
AAACATCCA-1,P3,HC1,61.0,mic
AAACATCCC-1,P3,HC1,66.0,mic
AAACATCCT-1,P3,HC1,71.0,mic
AAACATCCG-1,P3,HC1,69.0,mic
AAACATCTA-1,P3,HC1,70.0,mic
AAACATCTC-1,P3,HC1,64.0,mic
AAACATCTT-1,P3,HC1,67.0,mic
AAACATCTG-1,P3,HC1,63.0,mic
AAACATCGA-1,P3,HC1,65.0,mic
AAACATCGC-1,P3,HC1,61.0,mic
AAACATCGT-1,P4,HC1,61.0,mic
AAACATCGG-1,P4,HC1,68.0,mic
AAACATTAA-1,P4,HC1,65.0,mic
AAACATTAC-1,P4,HC1,67.0,mic
AAACATTAT-1,P4,HC1,64.0,mic
AAACATTAG-1,P4,HC1,62.0,mic
AAACATTCA-1,P4,HC1,62.0,mic
AAACATTCC-1,P4,HC1,57.0,mic
AAACATTCT-1,P4,HC1,60.0,mic
AAACATTCG-1,P4,HC1,67.0,mic
AAACATTTA-1,P5,HC1,64.0,mic
AAACATTTC-1,P5,HC1,64.0,mic
AAACATTTT-1,P5,HC1,70.0,mic
AAACATTTG-1,P5,HC1,66.0,mic
AAACATTGA-1,P5,HC2,71.0,mic
AAACATTGC-1,P5,HC2,65.0,mic
AAACATTGT-1,P5,HC2,61.0,mic
AAACATTGG-1,P5,HC2,59.0,mic
AAACATGAA-1,P5,HC2,63.0,mic
AAACATGAC-1,P5,HC2,61.0,mic
AAACATGAT-1,P5,HC2,74.0,mic
AAACATGAG-1,P5,HC2,74.0,mic
AAACATGCA-1,P6,Case1,67.0,mic
AAACATGCC-1,P6,Case1,74.0,mic
AAACATGCT-1,P6,Case1,67.0,mic
AAACATGCG-1,P6,Case1,54.0,mic
AAACATGTA-1,P6,Case1,58.0,mic
AAACATGTC-1,P6,Case1,64.0,mic
AAACATGTT-1,P7,Case2,54.0,mic
AAACATGTG-1,P7,Case2,62.0,mic
AAACATGGA-1,P7,Case2,69.0,mic
AAACATGGC-1,P7,Case2,70.0,mic
AAACATGGT-1,P7,Case2,65.0,mic
AAACATGGG-1,P7,Case2,63.0,mic
